email,password,password_confirmation
mfranzolini0@cloudflare.com,XQxuFiYyy4V9,XQxuFiYyy4V9
whawtrey1@google.com,S965l8,S965l8
dmatoshin2@mozilla.com,OepizUWM,OepizUWM
lmckinstry3@blogtalkradio.com,4x5ZYtcPQiC2,4x5ZYtcPQiC2
sveronique4@studiopress.com,uYOyE4bbP,uYOyE4bbP
cmanwaring5@illinois.edu,nlhDYkn,nlhDYkn
nbrougham6@earthlink.net,tyDwHd9ieii,tyDwHd9ieii
ebastick7@dailymail.co.uk,Fa0yCvvanC,Fa0yCvvanC
ccastree8@senate.gov,RaP7qUzzm,RaP7qUzzm
pwellman9@slideshare.net,xp7PQkus,xp7PQkus
ktorraa@ihg.com,YRw6Xm97XzFR,YRw6Xm97XzFR
olamontb@springer.com,TTUpoz,TTUpoz
jglanderc@dell.com,U3tb1Nkt848,U3tb1Nkt848
hprudhamd@upenn.edu,x7NjswYb2,x7NjswYb2
nfavelae@liveinternet.ru,9UDUIC,9UDUIC
adionisiof@cbslocal.com,BdXkCe2,BdXkCe2
livettsg@hhs.gov,3TqObvLFT,3TqObvLFT
rphilliphsh@mozilla.org,S8sHAT,S8sHAT
snittii@va.gov,lVWYIPAue9z,lVWYIPAue9z
